Type,Sub Type,Temperature,ID,Max Frequency,Mean Frequency,Centroid,Thermal Damage
Heated,,25,38018,1.6281407035175879,13.5,5.009858484579955,0.057651443311328654
Heated,,25,38019,1.6281407035175879,13.5,4.994366437947026,0.04361292439755449
Heated,,25,38020,1.6281407035175879,13.5,5.241342788248348,0.057651443311328654
Heated,,25,38021,1.6281407035175879,13.5,5.304075825831698,0.05064515845602546
Heated,,25,38022,1.6281407035175879,13.5,5.372095815397453,0.05064515845602546
Heated,,25,38023,1.6281407035175879,13.5,5.407248383275704,-0.007888498847725467
Heated,,25,38024,1.6281407035175879,13.5,5.400591912346836,0.057651443311328654
Heated,,25,38025,1.6281407035175879,13.5,5.345881158732012,0.057651443311328654
Heated,,25,38026,1.6281407035175879,13.5,5.3078150352152775,0.057651443311328654
Heated,,25,38027,1.6281407035175879,13.5,5.25773237445576,0.057651443311328654
Heated,,25,38214,1.6281407035175879,13.5,7.8999735526706845,-0.0427979221511845
Heated,,25,38215,1.6281407035175879,13.5,7.888659413671428,0.0029309287373587845
Heated,,25,38216,1.6281407035175879,13.5,7.881958858615102,0.0029309287373587845
Heated,,25,38217,1.6281407035175879,13.5,7.874174740655965,0.0029309287373587845
Heated,,25,38218,1.6281407035175879,13.5,7.888314479648885,0.010623344946830704
Heated,,25,38219,1.6281407035175879,13.5,7.727072874800583,0.0029309287373587845
Heated,,25,38220,1.6281407035175879,13.5,7.728740875635305,-0.004275535685238863
Heated,,25,38221,1.6281407035175879,13.5,7.732575678551279,0.017776057448580684
Heated,,25,38222,1.6281407035175879,13.5,7.7347625059880825,-0.004275535685238863
Heated,,25,38223,1.6281407035175879,13.5,7.7292941517098095,0.010623344946830704
Heated,,25,38380,1.6363636363636367,13.500000000000005,7.126642048269125,0.03907849973482391
Heated,,25,38381,1.6363636363636367,13.500000000000005,7.1146064541269345,0.04612741542390275
Heated,,25,38382,1.6363636363636367,13.500000000000005,7.119550613050494,0.02490282074716288
Heated,,25,38383,1.6363636363636367,13.500000000000005,7.095057447919944,0.04612741542390275
Heated,,25,38384,1.6363636363636367,13.500000000000005,7.099857191796222,0.03907849973482391
Heated,,25,38385,1.6363636363636367,13.500000000000005,7.078929224919149,0.03907849973482391
Heated,,25,38386,1.6363636363636367,13.500000000000005,7.058659391228369,0.03907849973482391
Heated,,25,38387,1.6363636363636367,13.500000000000005,7.406009476815202,0.03200363484257729
Heated,,25,38388,1.6363636363636367,13.500000000000005,7.378788346561157,0.017776057448580684
Heated,,25,38389,1.6363636363636367,13.500000000000005,7.390073202766113,0.03907849973482391
Heated,,250,40927,1.6281407035175879,13.5,7.831072569189444,0.49281064384733275
Heated,,250,40928,1.6281407035175879,13.5,7.81863166213559,0.49281064384733275
Heated,,250,40929,1.6281407035175879,13.5,7.815573883463811,0.4957381376251193
Heated,,250,40930,1.6281407035175879,13.5,7.8152337353090715,0.49281064384733275
Heated,,250,40931,1.6281407035175879,13.5,7.814711961591901,0.4850856587400074
Heated,,250,40932,1.6281407035175879,13.5,7.815458856106072,0.45967079732724436
Heated,,250,40933,1.6281407035175879,13.5,7.815743654377442,0.49281064384733275
Heated,,250,40934,1.6281407035175879,13.5,7.819220050182662,0.49281064384733275
Heated,,250,40935,1.6281407035175879,13.5,7.822530841323343,0.49281064384733275
Heated,,250,40936,1.6281407035175879,13.5,7.826119843391966,0.49281064384733275
Heated,,250,40937,1.6281407035175879,13.5,7.562423649429614,0.43364374654995164
Heated,,250,40938,1.6281407035175879,13.5,7.581605621956103,0.43054149283246357
Heated,,250,40939,1.6281407035175879,13.5,7.589094233756867,0.4141156472272529
Heated,,250,40940,1.6281407035175879,13.5,7.592533572869289,0.4490279169994269
Heated,,250,40941,1.6281407035175879,13.5,7.597852776611054,0.43054149283246357
Heated,,250,40942,1.6281407035175879,13.5,7.60534316547033,0.43054149283246357
Heated,,250,40943,1.6281407035175879,13.5,7.610342598949457,0.4243115657698947
Heated,,250,40944,1.6281407035175879,13.5,7.612548205574008,0.427430765905778
Heated,,250,40945,1.6281407035175879,13.5,7.626783667057706,0.43054149283246357
Heated,,250,40946,1.6281407035175879,13.5,7.64307705146176,0.4490279169994269
Heated,,250,40964,1.492462311557789,13.5,6.453364644751746,0.5882526074618247
Heated,,250,40965,1.492462311557789,13.5,6.4310601880024185,0.5882526074618247
Heated,,250,40966,1.492462311557789,13.5,6.429853151972709,0.5882526074618247
Heated,,250,40967,1.492462311557789,13.5,6.434889763070076,0.5882526074618247
Heated,,250,40968,1.492462311557789,13.5,6.4408511706243505,0.5902313665972625
Heated,,250,40969,1.492462311557789,13.5,6.449260200525721,0.5882526074618247
Heated,,250,40970,1.492462311557789,13.5,6.458558607841934,0.5882526074618247
Heated,,250,40971,1.492462311557789,13.5,6.468129614462581,0.5779530906973523
Heated,,250,40972,1.492462311557789,13.5,6.473847270071562,0.5882526074618247
Heated,,250,40973,1.492462311557789,13.5,6.48313609779255,0.5882526074618247
Heated,,500,40984,1.763819095477387,13.5,7.440403432223514,0.7097372443330678
Heated,,500,40985,1.763819095477387,13.5,7.471549182890772,0.7097372443330678
Heated,,500,40986,1.763819095477387,13.5,7.406030963950666,0.6801890455585784
Heated,,500,40987,1.763819095477387,13.5,7.38756741521691,0.706122030474388
Heated,,500,40988,1.763819095477387,13.5,7.389624919456202,0.71084511643566
Heated,,500,40989,1.763819095477387,13.5,7.3916241759295875,0.7097372443330678
Heated,,500,40990,1.763819095477387,13.5,7.3929208644044255,0.7119508702359527
Heated,,500,40991,1.763819095477387,13.5,7.395056245471652,0.71084511643566
Heated,,500,40992,1.763819095477387,13.5,7.405941669940512,0.7097372443330678
Heated,,500,40993,1.763819095477387,13.5,7.400152155239907,0.71084511643566
Heated,,500,40994,1.492462311557789,13.5,7.517687386825399,0.6164781250411724
Heated,,500,40995,1.492462311557789,13.5,7.363821457103807,0.6055667498969044
Heated,,500,40996,1.492462311557789,13.5,7.334052086781378,0.612964722086758
Heated,,500,40997,1.492462311557789,13.5,7.31771124717813,0.6183877745640918
Heated,,500,40998,1.492462311557789,13.5,7.3280436191868885,0.612964722086758
Heated,,500,40999,1.492462311557789,13.5,7.325316029905092,0.6164781250411724
Heated,,500,41000,1.492462311557789,13.5,7.327078120494194,0.6055667498969044
Heated,,500,41001,1.492462311557789,13.5,7.350749474480892,0.6183877745640918
Heated,,500,41002,1.492462311557789,13.5,7.3841804303759595,0.6164781250411724
Heated,,500,41003,1.492462311557789,13.5,7.3883032119157726,0.6164781250411724
Heated,,500,41004,1.763819095477387,13.5,7.638513261748318,0.7119508702359527
Heated,,500,41005,1.763819095477387,13.5,7.450400056082451,0.7155299405616489
Heated,,500,41006,1.763819095477387,13.5,7.456607546818613,0.7223498810115506
Heated,,500,41007,1.763819095477387,13.5,7.410518848250863,0.7201765028523546
Heated,,500,41008,1.763819095477387,13.5,7.362982314657555,0.7155299405616489
Heated,,500,41009,1.763819095477387,13.5,7.277192532457538,0.7188138387013114
Heated,,500,41010,1.763819095477387,13.5,7.229811779553807,0.7155299405616489
Heated,,500,41011,1.763819095477387,13.5,7.182962685505078,0.7155299405616489
Heated,,500,41012,1.763819095477387,13.5,7.172774933996271,0.7155299405616489
Heated,,500,41013,1.763819095477387,13.5,7.175389115582396,0.7177213242903899
Heated,,750,42096,1.763819095477387,13.5,7.159145607048085,0.4850856587400074
Heated,,750,42097,1.763819095477387,13.5,7.0656568207912285,0.4850856587400074
Heated,,750,42098,1.763819095477387,13.5,7.055847830265344,0.4850856587400074
Heated,,750,42099,1.763819095477387,13.5,7.052502506384548,0.476557969455099
Heated,,750,42100,1.763819095477387,13.5,6.989396561435928,0.5997281791841517
Heated,,750,42101,1.763819095477387,13.5,6.9678262326905145,0.6087918651477582
Heated,,750,42102,1.763819095477387,13.5,7.009356224075032,0.6013543071836843
Heated,,750,42103,1.763819095477387,13.5,7.064235048281385,0.6033012917846308
Heated,,750,42104,1.763819095477387,13.5,7.15342138405816,0.5997281791841517
Heated,,750,42105,1.763819095477387,13.5,7.169250958263278,0.6013543071836843
Heated,,750,42106,1.492462311557789,13.5,5.767220332981829,0.770245688955445
Heated,,750,42107,1.492462311557789,13.5,5.696647595770072,0.7687634069214319
Heated,,750,42108,1.492462311557789,13.5,5.675594794574589,0.7862362234381267
Heated,,750,42109,1.492462311557789,13.5,5.402333307368899,0.7876613113100557
Heated,,750,42110,1.492462311557789,13.5,5.921114191921156,0.5782873190820313
Heated,,750,42111,1.492462311557789,13.5,6.158295746640611,0.5762799628655517
Heated,,750,42112,1.492462311557789,13.5,6.026261555003079,0.5782873190820313
Heated,,750,42113,1.492462311557789,13.5,6.044709278434735,0.5802899091183373
Heated,,750,42114,1.492462311557789,13.5,6.10473633994392,0.5882526074618247
Heated,,750,42115,1.492462311557789,13.5,6.169188252168095,0.5922053595525265
Heated,,1000,42116,1.763819095477387,13.5,7.586360829288229,0.9013108775513509
Heated,,1000,42117,1.763819095477387,13.5,7.533864916772354,0.9014724642986278
Heated,,1000,42118,1.763819095477387,13.5,7.531399619107737,0.9013108775513509
Heated,,1000,42119,1.763819095477387,13.5,7.5301807015368665,0.9013108775513509
Heated,,1000,42120,1.763819095477387,13.5,7.529795774987576,0.9013108775513509
Heated,,1000,42121,1.763819095477387,13.5,7.525556556818706,0.9013108775513509
Heated,,1000,42122,1.763819095477387,13.5,7.5247043633295165,0.9014724642986278
Heated,,1000,42123,1.763819095477387,13.5,7.524325953065129,0.9014724642986278
Heated,,1000,42124,1.763819095477387,13.5,7.523950995486894,0.9013108775513509
Heated,,1000,42125,1.763819095477387,13.5,7.52353247829572,0.9014724642986278
Heated,,1000,42126,1.763819095477387,13.5,7.6424494631398705,0.8202154472443568
Heated,,1000,42127,1.763819095477387,13.5,7.684016937938533,0.820651552730248
Heated,,1000,42128,1.763819095477387,13.5,7.684162702305101,0.8184657295450429
Heated,,1000,42129,1.763819095477387,13.5,7.7075211563782196,0.8581203485900242
Heated,,1000,42130,1.763819095477387,13.5,7.657058343356279,0.8173678531814261
Heated,,1000,42131,1.763819095477387,13.5,7.671641171534526,0.817807400908554
Heated,,1000,42132,1.763819095477387,13.5,7.687012366983762,0.8184657295450429
Heated,,1000,42133,1.763819095477387,13.5,7.567888997737842,0.858894588080459
Heated,,1000,42134,1.763819095477387,13.5,7.564271713881582,0.8619703630192044
Heated,,1000,42135,1.763819095477387,13.5,7.566914249854975,0.8881271598123361
Heated,,1000,42136,1.763819095477387,13.5,7.547880994961573,0.9014724642986278
Heated,,1000,42137,1.763819095477387,13.5,7.615139374913932,0.9017952406115006
Heated,,1000,42138,1.763819095477387,13.5,7.611479325733363,0.9019564301770965
Heated,,1000,42139,1.763819095477387,13.5,7.614956767711908,0.9017952406115006
Heated,,1000,42140,1.763819095477387,13.5,7.613884370016783,0.9019564301770965
Heated,,1000,42141,1.763819095477387,13.5,7.610960563967949,0.9017952406115006
Heated,,1000,42142,1.763819095477387,13.5,7.609800349899056,0.9017952406115006
Heated,,1000,42143,1.763819095477387,13.5,7.613676090963733,0.9019564301770965
Heated,,1000,42144,1.763819095477387,13.5,7.609490758216391,0.9017952406115006
Heated,,1000,42145,1.763819095477387,13.5,7.612079861023067,0.9019564301770965
Heated,,750,42146,1.492462311557789,13.5,6.647713805928388,0.8555894407208555
Heated,,750,42147,1.492462311557789,13.5,6.631898664891758,0.8540208378681413
Heated,,750,42148,1.492462311557789,13.5,6.537784401403101,0.8522460315259689
Heated,,750,42149,1.492462311557789,13.5,6.58087465257517,0.8540208378681413
Heated,,750,42150,1.492462311557789,13.5,6.492286061220957,0.8504605012784057
Heated,,750,42151,1.492462311557789,13.5,6.514960353733604,0.8482636232030755
Heated,,750,42152,1.492462311557789,13.5,6.485214745530108,0.841166979515313
Heated,,750,42153,1.492462311557789,13.5,6.501808301760996,0.841166979515313
Heated,,750,42154,1.492462311557789,13.5,6.521569837911985,0.841166979515313
Heated,,750,42155,1.492462311557789,13.5,6.560896119201083,0.8458487585817466
Heated,,750,42176,1.6281407035175879,13.5,7.354196165678993,0.5941745863276167
Heated,,750,42177,1.6281407035175879,13.5,7.8730687044896435,0.7423132252598316
Heated,,750,42178,1.6281407035175879,13.5,7.858143887321454,0.6848281275942893
Heated,,750,42179,1.6281407035175879,13.5,7.767859307862036,0.7362703045721326
Heated,,750,42180,1.6281407035175879,13.5,7.653864365788471,0.7352122125735767
Heated,,750,42181,1.6281407035175879,13.5,7.5702243031633065,0.7383801336623463
Heated,,750,42182,1.6281407035175879,13.5,7.540229631147578,0.7412673134994971
Heated,,750,42183,1.6281407035175879,13.5,7.532657308911113,0.7433570187178665
Heated,,750,42184,1.6281407035175879,13.5,7.52260936676269,0.7433570187178665
Heated,,750,42185,1.6281407035175879,13.5,7.527956342324227,0.7441384736755088
Heated,,1000,42436,1.6281407035175879,13.5,7.652672244758321,0.8724686692150871
Heated,,1000,42437,1.6281407035175879,13.5,7.713525862653773,0.8724686692150871
Heated,,1000,42438,1.6281407035175879,13.5,7.83073317038715,0.9024392045105217
Heated,,1000,42439,1.6281407035175879,13.5,7.865740041597708,0.8724686692150871
Heated,,1000,42440,1.6281407035175879,13.5,7.808468350698197,0.871548200669046
Heated,,1000,42441,1.6281407035175879,13.5,7.773953004218244,0.8708094427421263
Heated,,1000,42442,1.6281407035175879,13.5,7.748542334209137,0.871548200669046
Heated,,1000,42443,1.6281407035175879,13.5,7.732002770537359,0.8696973340349353
Heated,,1000,42444,1.6281407035175879,13.5,7.690637430298037,0.8742996767651409
Heated,,1000,42445,1.6281407035175879,13.5,7.654070514705168,0.8696973340349353
Heated,,1000,42446,1.763819095477387,13.5,6.811575046313872,0.770245688955445
Heated,,1000,42447,1.763819095477387,13.5,6.959175698477182,0.765286213696948
Heated,,1000,42448,1.763819095477387,13.5,6.968326667241924,0.7677725710208821
Heated,,1000,42449,1.763819095477387,13.5,6.985046434813224,0.7687634069214319
Heated,,1000,42450,1.763819095477387,13.5,6.969523572691571,0.7677725710208821
Heated,,1000,42451,1.763819095477387,13.5,6.963662393919485,0.7677725710208821
Heated,,1000,42452,1.763819095477387,13.5,6.95737962515495,0.771968994072963
Heated,,1000,42453,1.763819095477387,13.5,6.943748248656679,0.767028053959586
Heated,,1000,42454,1.763819095477387,13.5,6.933660799334615,0.7677725710208821
Heated,,1000,42455,1.763819095477387,13.5,6.945897995936198,0.770245688955445
Heated,Brine,250,46464,1.6281407035175879,13.5,7.346205018307706,6.619694685660584
Heated,Brine,250,46465,1.6281407035175879,13.5,7.350365095580545,0.46662393331588603
Heated,Brine,250,46466,1.6281407035175879,13.5,7.346287586533696,0.46662393331588603
Heated,Brine,250,46467,1.6281407035175879,13.5,7.3385642517253915,0.464166636451622
Heated,Brine,250,46468,1.6281407035175879,13.5,7.335841816985498,0.5605623656764239
Heated,Brine,250,46469,1.6281407035175879,13.5,7.336621106248427,0.0
Heated,Brine,250,46470,1.6281407035175879,13.5,7.3384249937307,0.476162847160976
Heated,Brine,250,46471,1.6281407035175879,13.5,7.331568153681324,0.46662393331588603
Heated,Brine,250,46472,1.6281407035175879,13.5,7.338264101669569,0.46662393331588603
Heated,Brine,250,46473,1.6281407035175879,13.5,7.32547958017214,0.464166636451622
Heated,Brine,250,46474,1.492462311557789,13.5,7.3046775711634355,0.4038609530774666
Heated,Brine,250,46475,1.492462311557789,13.5,7.322759944803496,0.3999463304281544
Heated,Brine,250,46476,1.492462311557789,13.5,7.350827448123632,0.40779464044747354
Heated,Brine,250,46477,1.492462311557789,13.5,7.375597441206014,0.4038609530774666
Heated,Brine,250,46478,1.492462311557789,13.5,7.392017984806753,0.3999463304281544
Heated,Brine,250,46479,1.492462311557789,13.5,7.402528739689875,0.4058254136723833
Heated,Brine,250,46480,1.492462311557789,13.5,7.399691124768673,0.4038609530774666
Heated,Brine,250,46481,1.492462311557789,13.5,7.408638468408977,0.4038609530774666
Heated,Brine,250,46482,1.492462311557789,13.5,7.413441613402712,0.4058254136723833
Heated,Brine,250,46483,1.492462311557789,13.5,7.416106962452941,0.4157192093495716
Heated,Brine,250,46484,1.492462311557789,13.5,7.429277429673036,0.4854396872934607
Heated,Brine,250,46485,1.492462311557789,13.5,7.398141052103305,0.4854396872934607
Heated,Brine,250,46486,1.492462311557789,13.5,7.378349790880697,0.5013428418062919
Heated,Brine,250,46487,1.492462311557789,13.5,7.388415280983219,0.4987956494881965
Heated,Brine,250,46488,1.492462311557789,13.5,7.39830579849137,0.5013428418062919
Heated,Brine,250,46489,1.492462311557789,13.5,7.403495126739231,0.4854396872934607
Heated,Brine,250,46490,1.492462311557789,13.5,7.415925580860959,0.5013428418062919
Heated,Brine,250,46491,1.492462311557789,13.5,7.4107147334569685,0.48293327229462923
Heated,Brine,250,46492,1.492462311557789,13.5,7.4248412793134335,0.5042618623748807
Heated,Brine,250,46493,1.492462311557789,13.5,7.426802139345763,0.5097578638876504
Heated,Water,250,46574,1.763819095477387,13.5,7.657374616261667,0.3655726390156058
Heated,Water,250,46575,1.763819095477387,13.5,7.8023906545149755,6.619694685660584
Heated,Water,250,46576,1.763819095477387,13.5,7.936860649436081,6.619694685660584
Heated,Water,250,46577,1.763819095477387,13.5,8.375063986142363,0.3759118739481922
Heated,Water,250,46578,1.763819095477387,13.5,8.366420465912107,0.3759118739481922
Heated,Water,250,46579,1.763819095477387,13.5,8.143687099916484,0.0
Heated,Water,250,46580,1.763819095477387,13.5,8.17118659241519,0.37433605562827077
Heated,Water,250,46581,1.763819095477387,13.5,8.189118646131814,0.38320326905360674
Heated,Water,250,46582,1.763819095477387,13.5,8.157495629316946,0.0
Heated,Water,250,46583,1.763819095477387,13.5,8.101878697559789,1.7393827671827653
Heated,Water,250,46584,1.763819095477387,13.5,8.177486978292434,0.0
Heated,Water,250,46585,1.763819095477387,13.5,8.178952457288132,6.619694685660584
Heated,Water,250,46586,1.763819095477387,13.5,8.194449687336874,6.619694685660584
Heated,Water,250,46587,1.763819095477387,13.5,8.199787079265757,0.3759118739481922
Heated,Water,250,46588,1.763819095477387,13.5,8.21092879831276,0.3759118739481922
Heated,Water,250,46589,1.763819095477387,13.5,8.214385556537682,0.38320326905360674
Heated,Water,250,46590,1.763819095477387,13.5,8.227996192798619,2.866960707899929
Heated,Water,250,46591,1.763819095477387,13.5,8.231740213103592,0.37433605562827077
Heated,Water,250,46592,1.763819095477387,13.5,8.232513098914152,0.7451144887416269
Heated,Water,250,46593,1.763819095477387,13.5,8.223089085871125,0.3759118739481922
Heated,Water,250,46644,1.763819095477387,13.5,7.350369980600744,0.35845176724529376
Heated,Water,250,46645,1.763819095477387,13.5,7.361348966391439,0.36184866357324064
Heated,Water,250,46646,1.763819095477387,13.5,7.387096648215779,0.36184866357324064
Heated,Water,250,46647,1.763819095477387,13.5,7.387174747503124,0.36184866357324064
Heated,Water,250,46648,1.763819095477387,13.5,7.3832005437769554,0.3668182007676597
Heated,Water,250,46649,1.763819095477387,13.5,7.374753206909315,0.36030263387940453
Heated,Water,250,46650,1.763819095477387,13.5,7.368685263200388,0.36184866357324064
Heated,Water,250,46651,1.763819095477387,13.5,7.359371240211622,0.36184866357324064
Heated,Water,250,46652,1.763819095477387,13.5,7.354089970407817,0.36184866357324064
Heated,Water,250,46653,1.763819095477387,13.5,7.353613476720165,0.36030263387940453
Heated,Water,250,46654,1.6281407035175879,13.5,6.471607221319242,0.5009785600077399
Heated,Water,250,46655,1.6281407035175879,13.5,6.473402894803093,0.5145451608873733
Heated,Water,250,46656,1.6281407035175879,13.5,6.45096662665733,0.0
Heated,Water,250,46657,1.6281407035175879,13.5,6.472697100823948,6.619694685660584
Heated,Water,250,46658,1.6281407035175879,13.5,6.5179758778992385,6.619694685660584
Heated,Water,250,46659,1.6281407035175879,13.5,6.489130244278755,1.3770766165097985
Heated,Water,250,46660,1.6281407035175879,13.5,6.4936120626630425,0.5038965214251792
Heated,Water,250,46661,1.6281407035175879,13.5,6.515562852310188,0.5064566883448582
Heated,Water,250,46662,1.6281407035175879,13.5,6.496795395159642,6.619694685660584
Heated,Water,250,46663,1.6281407035175879,13.5,6.517052363030985,1.902521501878793
Heated,Brine,500,46664,1.6281407035175879,13.5,7.197609555124771,0.29499484441297663
Heated,Brine,500,46665,1.6281407035175879,13.5,7.168363604591966,0.29499484441297663
Heated,Brine,500,46666,1.6281407035175879,13.5,7.130344039894756,0.29499484441297663
Heated,Brine,500,46667,1.6281407035175879,13.5,7.119251317170111,0.29499484441297663
Heated,Brine,500,46668,1.6281407035175879,13.5,7.0876245445303665,0.29499484441297663
Heated,Brine,500,46669,1.6281407035175879,13.5,7.0668206495620165,0.29499484441297663
Heated,Brine,500,46670,1.6281407035175879,13.5,7.053009115506216,0.29499484441297663
Heated,Brine,500,46671,1.6281407035175879,13.5,7.043419086852704,0.29499484441297663
Heated,Brine,500,46672,1.6281407035175879,13.5,7.019749699727067,0.29499484441297663
Heated,Brine,500,46673,1.6281407035175879,13.5,7.009250048206595,0.29499484441297663
Heated,Brine,500,46724,1.492462311557789,13.5,7.476684257039104,0.368690515212552
Heated,Brine,500,46725,1.492462311557789,13.5,7.41657523971772,0.3847976225186482
Heated,Brine,500,46726,1.492462311557789,13.5,7.42522847654243,0.3668182007676597
Heated,Brine,500,46727,1.492462311557789,13.5,7.423753770175994,0.3504864210239321
Heated,Brine,500,46728,1.492462311557789,13.5,7.4503736781926,0.457877661712457
Heated,Brine,500,46729,1.492462311557789,13.5,7.4546166060602825,0.457877661712457
Heated,Brine,500,46730,1.492462311557789,13.5,7.452946941849884,0.3456291538513819
Heated,Brine,500,46731,1.492462311557789,13.5,7.453594099413196,0.3790734401300637
Heated,Brine,500,46732,1.492462311557789,13.5,7.448258132876475,0.40353400635694187
Heated,Brine,500,46733,1.492462311557789,13.5,7.442499282523866,0.3306686438617889
Heated,Brine,500,46734,1.6281407035175879,13.5,8.193648243316401,0.28200534851603914
Heated,Brine,500,46735,1.6281407035175879,13.5,8.260444077178034,0.27982349714764543
Heated,Brine,500,46736,1.6281407035175879,13.5,8.236642662989572,0.0
Heated,Brine,500,46737,1.6281407035175879,13.5,8.196267009289773,0.0
Heated,Brine,500,46738,1.6281407035175879,13.5,8.146085972375761,0.2841956730936305
Heated,Brine,500,46739,1.6281407035175879,13.5,8.117854057151403,2.1439523585763314
Heated,Brine,500,46740,1.6281407035175879,13.5,8.095662319247683,0.0
Heated,Brine,500,46741,1.6281407035175879,13.5,8.07200255902948,0.2841956730936305
Heated,Brine,500,46742,1.6281407035175879,13.5,8.048737261186266,0.28556892875617085
Heated,Brine,500,46743,1.6281407035175879,13.5,8.028582984971322,0.28556892875617085
Heated,Water,500,46744,1.35678391959799,13.5,7.046334279236856,0.3640186656881469
Heated,Water,500,46745,1.35678391959799,13.5,7.056995119065393,1.205831933277285
Heated,Water,500,46746,1.35678391959799,13.5,7.047840750008828,0.34170758052264966
Heated,Water,500,46747,1.35678391959799,13.5,7.0252390508111136,0.35262213312036683
Heated,Water,500,46748,1.35678391959799,13.5,7.030340142045868,0.35262213312036683
Heated,Water,500,46749,1.35678391959799,13.5,7.01558157302119,0.35262213312036683
Heated,Water,500,46750,1.35678391959799,13.5,7.002225095457722,0.34926892677734545
Heated,Water,500,46751,1.35678391959799,13.5,7.004152693387506,0.35262213312036683
Heated,Water,500,46752,1.35678391959799,13.5,6.995353630383839,0.35568440388195344
Heated,Water,500,46753,1.35678391959799,13.5,6.984871825973767,0.35568440388195344
Heated,Water,500,46774,1.6281407035175879,13.5,7.841686005114622,0.0
Heated,Water,500,46775,1.6281407035175879,13.5,7.7973080501423295,0.0
Heated,Water,500,46776,1.6281407035175879,13.5,7.7373766165631,0.35629844676099537
Heated,Water,500,46777,1.6281407035175879,13.5,7.7041252699276095,6.619694685660584
Heated,Water,500,46778,1.6281407035175879,13.5,7.6739285485138184,0.3781235801396183
Heated,Water,500,46779,1.6281407035175879,13.5,7.65682364579924,6.619694685660584
Heated,Water,500,46780,1.6281407035175879,13.5,7.640148498886709,0.36619515510384526
Heated,Water,500,46781,1.6281407035175879,13.5,7.628991198875673,0.36619515510384526
Heated,Water,500,46782,1.6281407035175879,13.5,7.622309887300358,2.1439523585763314
Heated,Water,500,46783,1.6281407035175879,13.5,7.612122005393249,0.35476433251759343
Heated,Water,500,46804,1.6281407035175879,13.5,8.200762429372535,0.6109610139840196
Heated,Water,500,46805,1.6281407035175879,13.5,8.20424739715694,0.6145862897786217
Heated,Water,500,46806,1.6281407035175879,13.5,8.200185806703042,0.6145862897786217
Heated,Water,500,46807,1.6281407035175879,13.5,8.179731955739431,0.6145862897786217
Heated,Water,500,46808,1.6281407035175879,13.5,8.162785116305791,0.6145862897786217
Heated,Water,500,46809,1.6281407035175879,13.5,8.147600638082967,0.6182222894786145
Heated,Water,500,46810,1.6281407035175879,13.5,8.14518043367586,0.641087244498461
Heated,Water,500,46811,1.6281407035175879,13.5,8.138355069548696,0.6182222894786145
Heated,Water,500,46812,1.6281407035175879,13.5,8.122730330298523,0.6109610139840196
Heated,Water,500,46813,1.6281407035175879,13.5,8.13811873126707,0.6145862897786217
Heated,Brine,750,46914,1.6281407035175879,13.5,5.433501034299537,0.300610993384291
Heated,Brine,750,46915,1.6281407035175879,13.5,5.471429071608041,0.3432132300789032
Heated,Brine,750,46916,1.6281407035175879,13.5,5.48293912970927,0.28584397707036
Heated,Brine,750,46917,1.6281407035175879,13.5,5.518144966028662,0.41771226702553016
Heated,Brine,750,46918,1.6281407035175879,13.5,5.532735058938849,0.2417460203615229
Heated,Brine,750,46919,1.6281407035175879,13.5,5.54937207139492,0.3432132300789032
Heated,Brine,750,46920,1.6281407035175879,13.5,5.572512220823814,0.300610993384291
Heated,Brine,750,46921,1.6281407035175879,13.5,5.6172705234168,0.33601629801665295
Heated,Brine,750,46922,1.6281407035175879,13.5,5.628580517512318,0.41174739253817527
Heated,Brine,750,46923,1.6281407035175879,13.5,5.653893334853515,0.2550812629118924
Heated,Brine,750,46924,1.492462311557789,13.5,7.371067592834218,0.19583704758058273
Heated,Brine,750,46925,1.492462311557789,13.5,7.346893654130225,0.19583704758058273
Heated,Brine,750,46926,1.492462311557789,13.5,7.348658495995492,0.19583704758058273
Heated,Brine,750,46927,1.492462311557789,13.5,7.351748568703241,6.619694685660584
Heated,Brine,750,46928,1.492462311557789,13.5,7.3615373883813815,6.619694685660584
Heated,Brine,750,46929,1.492462311557789,13.5,7.373285693221304,1.7557085230043286
Heated,Brine,750,46930,1.492462311557789,13.5,7.393010992188798,0.1951544908615443
Heated,Brine,750,46931,1.492462311557789,13.5,7.390207472724443,0.1962927473627436
Heated,Brine,750,46932,1.492462311557789,13.5,7.399039840742126,0.19583704758058273
Heated,Brine,750,46933,1.492462311557789,13.5,7.4100884581850694,0.46662393331588603
Heated,Brine,750,46934,1.6281407035175879,13.5,6.677539765146344,0.2811861612986886
Heated,Brine,750,46935,1.6281407035175879,13.5,6.78242338541873,0.29639391688479094
Heated,Brine,750,46936,1.6281407035175879,13.5,6.7866092487312475,0.2537834717687687
Heated,Brine,750,46937,1.6281407035175879,13.5,6.80967029945555,0.30514204200273204
Heated,Brine,750,46938,1.6281407035175879,13.5,6.8033592222005215,0.2765666073623004
Heated,Brine,750,46939,1.6281407035175879,13.5,6.837120531778327,0.30913451226154764
Heated,Brine,750,46940,1.6281407035175879,13.5,6.846922632753764,0.24073506058912877
Heated,Brine,750,46941,1.6281407035175879,13.5,6.822565979512542,0.3477500378317207
Heated,Brine,750,46942,1.6281407035175879,13.5,6.823403828260752,0.29165057465778094
Heated,Brine,750,46943,1.6281407035175879,13.5,6.816414620175052,0.27548521403845083
Heated,Water,750,46954,1.6281407035175879,13.5,6.164859598748549,1.0208448962712344
Heated,Water,750,46955,1.6281407035175879,13.5,6.199910963221081,0.21878911778249252
Heated,Water,750,46956,1.6281407035175879,13.5,6.239599736602784,0.2180676372587024
Heated,Water,750,46957,1.6281407035175879,13.5,6.261011836526177,3.0537488314360544
Heated,Water,750,46958,1.6281407035175879,13.5,6.296793870950993,6.619694685660584
Heated,Water,750,46959,1.6281407035175879,13.5,6.331546104880281,0.21734734827995567
Heated,Water,750,46960,1.6281407035175879,13.5,6.36326268091283,0.2180676372587024
Heated,Water,750,46961,1.6281407035175879,13.5,6.391954894347567,0.2180676372587024
Heated,Water,750,46962,1.6281407035175879,13.5,6.435558004443133,0.0
Heated,Water,750,46963,1.6281407035175879,13.5,6.481115589649269,0.21878911778249252
Heated,Water,750,46964,1.6281407035175879,13.5,8.184304381734838,0.2980771728494608
Heated,Water,750,46965,1.6281407035175879,13.5,8.196970832464634,0.2980771728494608
Heated,Water,750,46966,1.6281407035175879,13.5,8.190431679389048,0.2980771728494608
Heated,Water,750,46967,1.6281407035175879,13.5,8.18803400735898,0.2980771728494608
Heated,Water,750,46968,1.6281407035175879,13.5,8.179993765854375,0.2980771728494608
Heated,Water,750,46969,1.6281407035175879,13.5,8.182003627805752,0.2980771728494608
Heated,Water,750,46970,1.6281407035175879,13.5,8.16985251077393,0.2980771728494608
Heated,Water,750,46971,1.6281407035175879,13.5,8.169291983438308,0.2980771728494608
Heated,Water,750,46972,1.6281407035175879,13.5,8.165888195110126,0.29695447263077274
Heated,Water,750,46973,1.6281407035175879,13.5,8.169940378535808,0.29695447263077274
Heated,Water,750,46984,1.6281407035175879,13.5,5.39119106537965,0.2006483078750677
Heated,Water,750,46985,1.6281407035175879,13.5,5.470388401778402,0.20388825124201745
Heated,Water,750,46986,1.6281407035175879,13.5,5.491466415048656,0.20110956820076453
Heated,Water,750,46987,1.6281407035175879,13.5,5.5184549777118574,0.20110956820076453
Heated,Water,750,46988,1.6281407035175879,13.5,5.555751867003158,1.2491586293582964
Heated,Water,750,46989,1.6281407035175879,13.5,5.597448878079621,0.20180245164351265
Heated,Water,750,46990,1.6281407035175879,13.5,5.633184094665993,0.20180245164351265
Heated,Water,750,46991,1.6281407035175879,13.5,5.663102017999299,0.20249652663130413
Heated,Water,750,46992,1.6281407035175879,13.5,5.708216730947528,0.20180245164351265
Heated,Water,750,46993,1.6281407035175879,13.5,5.73192072968468,0.20388825124201745
Heated,Brine,1000,47144,1.6281407035175879,13.5,5.374403835004882,0.20249652663130413
Heated,Brine,1000,47145,1.6281407035175879,13.5,5.636434346171334,0.20249652663130413
Heated,Brine,1000,47146,1.6281407035175879,13.5,5.6439847035133655,0.20041787630305985
Heated,Brine,1000,47147,1.6281407035175879,13.5,5.582655834885899,0.20249652663130413
Heated,Brine,1000,47148,1.6281407035175879,13.5,5.564465753634156,0.20041787630305985
Heated,Brine,1000,47149,1.6281407035175879,13.5,5.54764398124535,0.19903806714278077
Heated,Brine,1000,47150,1.6281407035175879,13.5,5.556789567809424,0.20249652663130413
Heated,Brine,1000,47151,1.6281407035175879,13.5,5.565143121877915,0.2045859008649392
Heated,Brine,1000,47152,1.6281407035175879,13.5,5.560801097273075,0.19903806714278077
Heated,Brine,1000,47153,1.6281407035175879,13.5,5.552554521679168,0.19903806714278077
Heated,Brine,1000,47154,1.6281407035175879,13.5,7.116806797961288,0.15153599863878955
Heated,Brine,1000,47155,1.6281407035175879,13.5,7.208408914441167,0.1463726367839743
Heated,Brine,1000,47156,1.6281407035175879,13.5,7.237047971855579,0.14304498246243955
Heated,Brine,1000,47157,1.6281407035175879,13.5,7.257499718551858,0.14382451770862298
Heated,Brine,1000,47158,1.6281407035175879,13.5,7.265723501088507,0.1463726367839743
Heated,Brine,1000,47159,1.6281407035175879,13.5,7.277462182386112,0.1463726367839743
Heated,Brine,1000,47160,1.6281407035175879,13.5,7.263497955003521,0.14460617125710576
Heated,Brine,1000,47161,1.6281407035175879,13.5,7.262786177033579,0.15153599863878955
Heated,Brine,1000,47162,1.6281407035175879,13.5,7.267542192769916,0.1463726367839743
Heated,Brine,1000,47163,1.6281407035175879,13.5,7.2584456275527796,0.14716117481493018
Heated,Brine,1000,47174,1.763819095477387,13.5,6.035572793491012,0.08984415119745685
Heated,Brine,1000,47175,1.763819095477387,13.5,5.983761566858316,0.08999845628057962
Heated,Brine,1000,47176,1.763819095477387,13.5,5.970915399265788,0.08984415119745685
Heated,Brine,1000,47177,1.763819095477387,13.5,5.984465231466889,0.08984415119745685
Heated,Brine,1000,47178,1.763819095477387,13.5,5.974488013464692,0.08984415119745685
Heated,Brine,1000,47179,1.763819095477387,13.5,5.974847673615451,0.08999845628057962
Heated,Brine,1000,47180,1.763819095477387,13.5,5.958628966924996,0.08984415119745685
Heated,Brine,1000,47181,1.763819095477387,13.5,5.973568083562107,0.08984415119745685
Heated,Brine,1000,47182,1.763819095477387,13.5,5.987704074148343,0.08984415119745685
Heated,Brine,1000,47183,1.763819095477387,13.5,5.938978497808554,0.08984415119745685
Heated,Water,1000,47204,1.763819095477387,13.5,5.403794318123729,0.08482635642877928
Heated,Water,1000,47205,1.763819095477387,13.5,5.439743193171634,0.08482635642877928
Heated,Water,1000,47206,1.763819095477387,13.5,5.471182950052278,0.08482635642877928
Heated,Water,1000,47207,1.763819095477387,13.5,5.4826540856975585,0.08482635642877928
Heated,Water,1000,47208,1.763819095477387,13.5,6.808471001038056,0.08482635642877928
Heated,Water,1000,47209,1.763819095477387,13.5,7.490671881526786,0.08587868929295875
Heated,Water,1000,47210,1.763819095477387,13.5,7.206454223360726,0.08587868929295875
Heated,Water,1000,47211,1.763819095477387,13.5,7.173367058652304,0.08587868929295875
Heated,Water,1000,47212,1.763819095477387,13.5,6.938079280272263,0.08693750945793018
Heated,Water,1000,47213,1.763819095477387,13.5,6.807351444928474,0.08693750945793018
Heated,Water,1000,47264,1.6281407035175879,13.5,7.141800056680325,0.06580036094798793
Heated,Water,1000,47265,1.6281407035175879,13.5,7.162756963728455,0.06580036094798793
Heated,Water,1000,47266,1.6281407035175879,13.5,7.175222490630549,0.0660646191598395
Heated,Water,1000,47267,1.6281407035175879,13.5,7.172216925376568,0.06672758158260841
Heated,Water,1000,47268,1.6281407035175879,13.5,7.169494379205523,0.0660646191598395
Heated,Water,1000,47269,1.6281407035175879,13.5,7.19855871288065,0.0660646191598395
Heated,Water,1000,47270,1.6281407035175879,13.5,7.206162475802227,0.0660646191598395
Heated,Water,1000,47271,1.6281407035175879,13.5,7.20122155762364,0.06672758158260841
Heated,Water,1000,47272,1.6281407035175879,13.5,7.214831799829044,0.06580036094798793
Heated,Water,1000,47273,1.6281407035175879,13.5,7.213332166586208,0.06619694685660583
Heated,Water,1000,47354,1.6281407035175879,13.5,6.764917116391471,0.08185543745385482
Heated,Water,1000,47355,1.6281407035175879,13.5,6.6833445672328144,0.06448701352235285
Heated,Water,1000,47356,1.6281407035175879,13.5,6.693986885245403,0.06318690548608913
Heated,Water,1000,47357,1.6281407035175879,13.5,6.705142710811637,0.06448701352235285
Heated,Water,1000,47358,1.6281407035175879,13.5,6.749325614912793,0.08185543745385482
Heated,Water,1000,47359,1.6281407035175879,13.5,6.743883525283722,0.06292847260556095
Heated,Water,1000,47360,1.6281407035175879,13.5,6.767275318380194,0.0827411526027962
Heated,Water,1000,47361,1.6281407035175879,13.5,6.77511980583263,0.06318690548608913
Heated,Water,1000,47362,1.6281407035175879,13.5,6.777416494482535,0.06357554776108425
Heated,Water,1000,47363,1.6281407035175879,13.5,6.818253748803679,0.06267056930060759
Heated,Water,1000,47364,1.6281407035175879,13.5,6.850997042616394,0.08467655273804281
Heated,Water,1000,47365,1.6281407035175879,13.5,6.717992386544703,0.0676612895180208
Heated,Water,1000,47366,1.6281407035175879,13.5,6.726825902600276,0.06540496658441342
Heated,Water,1000,47367,1.6281407035175879,13.5,6.752735562967639,0.0656684304329027
Heated,Water,1000,47368,1.6281407035175879,13.5,6.765559553446934,0.06540496658441342
Heated,Water,1000,47369,1.6281407035175879,13.5,6.778912738667433,0.08363163393191128
Heated,Water,1000,47370,1.6281407035175879,13.5,6.797786705051615,0.0660646191598395
Heated,Water,1000,47371,1.6281407035175879,13.5,6.7958230119810015,0.0656684304329027
Heated,Water,1000,47372,1.6281407035175879,13.5,6.795588684325728,0.06699369330897197
Heated,Water,1000,47373,1.6281407035175879,13.5,6.7976251748424925,0.06357554776108425
